-2.154701,10.000000,20.577350,30.000000,39.845299,
-2.197221,9.973232,20.588604,29.992828,39.842274,
-2.238574,9.947596,20.599256,29.985962,39.839389,
-2.278727,9.923127,20.609282,29.979413,39.836650,
-2.317649,9.899861,20.618660,29.973193,39.834061,
-2.355310,9.877833,20.627367,29.967313,39.831629,
-2.391682,9.857074,20.635383,29.961783,39.829356,
-2.426737,9.837615,20.642690,29.956612,39.827247,
-2.460451,9.819486,20.649269,29.951810,39.825306,
-2.492796,9.802714,20.655104,29.947385,39.823537,
-2.523751,9.787324,20.660178,29.943343,39.821943,
-2.553294,9.773341,20.664479,29.939692,39.820526,
-2.581402,9.760787,20.667993,29.936437,39.819290,
-2.608058,9.749683,20.670709,29.933584,39.818236,
-2.633242,9.740046,20.672617,29.931137,39.817366,
-2.656939,9.731895,20.673709,29.929098,39.816683,
-2.679133,9.725244,20.673977,29.927472,39.816187,
-2.699810,9.720106,20.673415,29.926260,39.815879,
-2.718958,9.716492,20.672019,29.925464,39.815760,
-2.736565,9.714412,20.669787,29.925082,39.815831,
-2.752624,9.713874,20.666717,29.925116,39.816090,
-2.767125,9.714882,20.662809,29.925563,39.816538,
-2.780063,9.717440,20.658065,29.926422,39.817173,
-2.791431,9.721551,20.652487,29.927690,39.817996,
-2.801228,9.727213,20.646080,29.929363,39.819003,
-2.809450,9.734425,20.638850,29.931436,39.820194,
-2.816098,9.743182,20.630804,29.933904,39.821566,
-2.821172,9.753478,20.621951,29.936761,39.823116,
-2.824674,9.765306,20.612301,29.940001,39.824843,
-2.826610,9.778655,20.601866,29.943614,39.826742,
-2.826983,9.793514,20.590660,29.947594,39.828811,
-2.825801,9.809869,20.578695,29.951930,39.831045,
-2.823073,9.827704,20.565989,29.956613,39.833441,
-2.818808,9.847002,20.552558,29.961633,39.835994,
-2.813017,9.867745,20.538420,29.966977,39.838699,
-2.805712,9.889911,20.523597,29.972634,39.841552,
-2.796909,9.913477,20.508107,29.978592,39.844548,
-2.786622,9.938419,20.491975,29.984836,39.847681,
-2.774868,9.964710,20.475223,29.991353,39.850945,
-2.761665,9.992324,20.457876,29.998129,39.854335,
-2.747032,10.021230,20.439959,30.005148,39.857844,
-2.730991,10.051398,20.421501,30.012394,39.861466,
-2.713562,10.082794,20.402528,30.019852,39.865195,
-2.694770,10.115385,20.383070,30.027504,39.869023,
-2.674638,10.149135,20.363157,30.035335,39.872944,
-2.653192,10.184007,20.342819,30.043325,39.876951,
-2.630459,10.219963,20.322090,30.051456,39.881036,
-2.606467,10.256962,20.301000,30.059712,39.885192,
-2.581244,10.294964,20.279585,30.068072,39.889412,
-2.554821,10.333927,20.257878,30.076518,39.893688,
-2.527228,10.373806,20.235915,30.085030,39.898012,
-2.498498,10.414558,20.213730,30.093589,39.902377,
-2.468663,10.456137,20.191361,30.102175,39.906774,
-2.437757,10.498495,20.168845,30.110768,39.911197,
-2.405814,10.541586,20.146218,30.119348,39.915636,
-2.372871,10.585361,20.123519,30.127894,39.920085,
-2.338964,10.629771,20.100785,30.136386,39.924534,
-2.304128,10.674764,20.078057,30.144804,39.928977,
-2.268403,10.720292,20.055372,30.153127,39.933405,
-2.231826,10.766301,20.032769,30.161335,39.937811,
-2.194437,10.812740,20.010289,30.169407,39.942187,
-2.156274,10.859556,19.987970,30.177324,39.946525,
-2.117379,10.906697,19.965852,30.185065,39.950817,
-2.077790,10.954108,19.943974,30.192611,39.955057,
-2.037551,11.001736,19.922377,30.199941,39.959236,
-1.996701,11.049527,19.901099,30.207036,39.963349,
-1.955282,11.097427,19.880179,30.213877,39.967386,
-1.913336,11.145381,19.859657,30.220445,39.971343,
-1.870907,11.193335,19.839572,30.226722,39.975212,
-1.828035,11.241235,19.819961,30.232689,39.978986,
-1.784763,11.289026,19.800863,30.238329,39.982660,
-1.741135,11.336654,19.782315,30.243624,39.986227,
-1.697193,11.384064,19.764354,30.248558,39.989682,
-1.652979,11.431205,19.747017,30.253115,39.993019,
-1.608536,11.478021,19.730339,30.257278,39.996233,
-1.563908,11.524460,19.714356,30.261032,39.999320,
-1.519135,11.570470,19.699102,30.264364,40.002273,
-1.474262,11.615999,19.684610,30.267258,40.005090,
-1.429329,11.660994,19.670914,30.269703,40.007765,
-1.384379,11.705407,19.658046,30.271685,40.010296,
-1.339453,11.749186,19.646036,30.273192,40.012679,
-1.294592,11.792282,19.634915,30.274214,40.014911,
-1.249838,11.834647,19.624711,30.274741,40.016990,
-1.205229,11.876235,19.615453,30.274762,40.018912,
-1.160807,11.916997,19.607168,30.274270,40.020677,
-1.116611,11.956889,19.599880,30.273255,40.022283,
-1.072679,11.995866,19.593615,30.271713,40.023728,
-1.029050,12.033885,19.588396,30.269636,40.025011,
-0.985761,12.070904,19.584245,30.267019,40.026134,
-0.942849,12.106882,19.581182,30.263858,40.027095,
-0.900350,12.141779,19.579227,30.260149,40.027895,
-0.858299,12.175556,19.578398,30.255891,40.028535,
-0.816732,12.208178,19.578711,30.251083,40.029016,
-0.775682,12.239608,19.580183,30.245722,40.029340,
-0.735181,12.269812,19.582825,30.239811,40.029509,
-0.695263,12.298758,19.586651,30.233350,40.029526,
-0.655958,12.326413,19.591671,30.226342,40.029394,
-0.617296,12.352750,19.597894,30.218791,40.029115,
-0.579306,12.377739,19.605328,30.210700,40.028695,
-0.542018,12.401355,19.613979,30.202077,40.028136,
-0.505457,12.423572,19.623852,30.192926,40.027444,
-0.469651,12.444367,19.634949,30.183256,40.026623,
-0.434624,12.463720,19.647271,30.173075,40.025679,
-0.400400,12.481609,19.660819,30.162392,40.024618,
-0.367003,12.498019,19.675591,30.151218,40.023445,
-0.334454,12.512931,19.691582,30.139565,40.022168,
-0.302773,12.526333,19.708788,30.127445,40.020794,
-0.271981,12.538210,19.727202,30.114870,40.019329,
-0.242095,12.548553,19.746815,30.101857,40.017781,
-0.213133,12.557353,19.767618,30.088419,40.016158,
-0.185110,12.564601,19.789599,30.074572,40.014468,
-0.158041,12.570294,19.812744,30.060335,40.012721,
-0.131940,12.574426,19.837039,30.045725,40.010924,
-0.106819,12.576998,19.862468,30.030760,40.009087,
-0.082690,12.578007,19.889013,30.015460,40.007219,
-0.059561,12.577458,19.916654,29.999847,40.005331,
-0.037441,12.575352,19.945370,29.983940,40.003432,
-0.016338,12.571696,19.975140,29.967762,40.001532,
0.003742,12.566497,20.005938,29.951336,39.999642,
0.022794,12.559764,20.037741,29.934685,39.997771,
0.040814,12.551508,20.070520,29.917833,39.995932,
0.057801,12.541742,20.104248,29.900805,39.994135,
0.073753,12.530478,20.138896,29.883626,39.992391,
0.088670,12.517735,20.174433,29.866323,39.990712,
0.102553,12.503528,20.210826,29.848922,39.989107,
0.115404,12.487878,20.248043,29.831450,39.987590,
0.127227,12.470805,20.286050,29.813935,39.986171,
0.138027,12.452332,20.324809,29.796404,39.984862,
0.147810,12.432483,20.364286,29.778886,39.983675,
0.156582,12.411283,20.404441,29.761410,39.982621,
0.164352,12.388760,20.445237,29.744004,39.981711,
0.171129,12.364941,20.486633,29.726699,39.980957,
0.176924,12.339857,20.528589,29.709524,39.980371,
0.181746,12.313539,20.571064,29.692508,39.979964,
0.185610,12.286020,20.614014,29.675681,39.979746,
0.188528,12.257332,20.657397,29.659075,39.979730,
0.190515,12.227512,20.701169,29.642718,39.979927,
0.191585,12.196596,20.745285,29.626641,39.980346,
0.191756,12.164620,20.789700,29.610875,39.980999,
0.191044,12.131624,20.834370,29.595449,39.981896,
0.189467,12.097647,20.879246,29.580394,39.983047,
0.187045,12.062729,20.924284,29.565739,39.984463,
0.183796,12.026912,20.969435,29.551514,39.986152,
0.179742,11.990238,21.014653,29.537749,39.988125,
0.174903,11.952750,21.059890,29.524473,39.990390,
0.169302,11.914492,21.105099,29.511715,39.992956,
0.162961,11.875509,21.150232,29.499503,39.995831,
0.155903,11.835845,21.195240,29.487866,39.999024,
0.148153,11.795547,21.240076,29.476830,40.002541,
0.139734,11.754661,21.284692,29.466425,40.006390,
0.130672,11.713233,21.329040,29.456675,40.010578,
0.120992,11.671311,21.373073,29.447607,40.015111,
0.110721,11.628942,21.416743,29.439246,40.019995,
0.099885,11.586174,21.460004,29.431618,40.025234,
0.088510,11.543056,21.502808,29.424745,40.030834,
0.076624,11.499634,21.545110,29.418653,40.036800,
0.064254,11.455959,21.586863,29.413363,40.043133,
0.051429,11.412078,21.628023,29.408896,40.049839,
0.038176,11.368039,21.668544,29.405274,40.056918,
0.024523,11.323891,21.708383,29.402517,40.064374,
0.010499,11.279682,21.747497,29.400643,40.072208,
-0.003867,11.235460,21.785843,29.399671,40.080420,
-0.018546,11.191273,21.823379,29.399617,40.089010,
-0.033511,11.147168,21.860064,29.400499,40.097978,
-0.048731,11.103191,21.895859,29.402330,40.107323,
-0.064179,11.059390,21.930725,29.405125,40.117043,
-0.079826,11.015812,21.964623,29.408896,40.127136,
-0.095642,10.972500,21.997517,29.413655,40.137597,
-0.111600,10.929501,22.029372,29.419412,40.148425,
-0.127671,10.886858,22.060152,29.426178,40.159613,
-0.143827,10.844616,22.089825,29.433959,40.171156,
-0.160040,10.802817,22.118358,29.442762,40.183050,
-0.176282,10.761503,22.145720,29.452594,40.195286,
-0.192526,10.720716,22.171883,29.463457,40.207859,
-0.208745,10.680496,22.196818,29.475357,40.220759,
-0.224912,10.640882,22.220499,29.488293,40.233978,
-0.241002,10.601913,22.242900,29.502267,40.247507,
-0.256987,10.563626,22.263998,29.517277,40.261336,
-0.272842,10.526057,22.283770,29.533321,40.275453,
-0.288544,10.489242,22.302196,29.550396,40.289848,
-0.304066,10.453214,22.319257,29.568497,40.304508,
-0.319386,10.418007,22.334936,29.587617,40.319420,
-0.334480,10.383652,22.349215,29.607749,40.334570,
-0.349325,10.350180,22.362082,29.628884,40.349945,
-0.363900,10.317619,22.373524,29.651011,40.365530,
-0.378182,10.285997,22.383529,29.674118,40.381309,
-0.392152,10.255340,22.392088,29.698194,40.397266,
-0.405788,10.225674,22.399195,29.723222,40.413384,
-0.419072,10.197023,22.404842,29.749189,40.429646,
-0.431985,10.169407,22.409026,29.776076,40.446034,
-0.444508,10.142849,22.411744,29.803866,40.462529,
-0.456626,10.117367,22.412996,29.832539,40.479113,
-0.468321,10.092979,22.412783,29.862073,40.495765,
-0.479577,10.069701,22.411106,29.892448,40.512466,
-0.490381,10.047549,22.407972,29.923640,40.529195,
-0.500718,10.026534,22.403385,29.955625,40.545930,
-0.510574,10.006670,22.397353,29.988376,40.562651,
-0.519939,9.987966,22.389887,30.021868,40.579335,
-0.528800,9.970431,22.380997,30.056071,40.595959,
-0.537146,9.954072,22.370695,30.090958,40.612500,
-0.544969,9.938894,22.358997,30.126498,40.628937,
-0.552259,9.924901,22.345918,30.162660,40.645243,
-0.559008,9.912097,22.331476,30.199413,40.661397,
-0.565209,9.900481,22.315690,30.236722,40.677374,
-0.570857,9.890054,22.298580,30.274555,40.693148,
-0.575945,9.880813,22.280170,30.312875,40.708697,
-0.580470,9.872755,22.260483,30.351649,40.723993,
-0.584427,9.865873,22.239543,30.390839,40.739013,
-0.587815,9.860163,22.217379,30.430408,40.753731,
-0.590632,9.855616,22.194016,30.470318,40.768122,
-0.592876,9.852222,22.169486,30.510531,40.782160,
-0.594547,9.849970,22.143817,30.551007,40.795820,
-0.595647,9.848848,22.117044,30.591706,40.809076,
-0.596177,9.848843,22.089197,30.632589,40.821902,
-0.596140,9.849940,22.060313,30.673615,40.834273,
-0.595538,9.852121,22.030425,30.714741,40.846164,
-0.594377,9.855371,21.999571,30.755927,40.857548,
-0.592661,9.859668,21.967789,30.797131,40.868402,
-0.590395,9.864995,21.935116,30.838310,40.878699,
-0.587587,9.871328,21.901592,30.879423,40.888415,
-0.584244,9.878647,21.867257,30.920425,40.897526,
-0.580373,9.886926,21.832154,30.961276,40.906006,
-0.575984,9.896143,21.796323,31.001932,40.913832,
-0.571085,9.906270,21.759807,31.042349,40.920979,
-0.565688,9.917282,21.722650,31.082487,40.927426,
-0.559802,9.929150,21.684895,31.122301,40.933148,
-0.553440,9.941846,21.646587,31.161750,40.938123,
-0.546613,9.955342,21.607772,31.200790,40.942329,
-0.539334,9.969605,21.568494,31.239381,40.945744,
-0.531617,9.984606,21.528799,31.277481,40.948348,
-0.523475,10.000312,21.488733,31.315048,40.950119,
-0.514922,10.016692,21.448342,31.352041,40.951038,
-0.505974,10.033711,21.407674,31.388420,40.951086,
-0.496646,10.051337,21.366775,31.424146,40.950244,
-0.486953,10.069535,21.325691,31.459179,40.948494,
-0.476912,10.088271,21.284469,31.493480,40.945818,
-0.466539,10.107508,21.243157,31.527011,40.942201,
-0.455852,10.127212,21.201799,31.559737,40.937626,
-0.444868,10.147347,21.160444,31.591619,40.932078,
-0.433604,10.167877,21.119137,31.622623,40.925544,
-0.422078,10.188765,21.077923,31.652714,40.918010,
-0.410310,10.209974,21.036849,31.681859,40.909464,
-0.398316,10.231467,20.995959,31.710025,40.899895,
-0.386116,10.253209,20.955299,31.737180,40.889290,
-0.373729,10.275161,20.914911,31.763294,40.877643,
-0.361174,10.297288,20.874841,31.788337,40.864942,
-0.348470,10.319552,20.835130,31.812282,40.851181,
-0.335635,10.341916,20.795821,31.835101,40.836354,
-0.322690,10.364344,20.756956,31.856769,40.820453,
-0.309654,10.386800,20.718574,31.877261,40.803476,
-0.296546,10.409247,20.680716,31.896554,40.785418,
-0.283385,10.431650,20.643421,31.914626,40.766277,
-0.270191,10.453974,20.606726,31.931458,40.746051,
-0.256982,10.476182,20.570670,31.947030,40.724740,
-0.243779,10.498241,20.535286,31.961324,40.702346,
-0.230599,10.520117,20.500611,31.974325,40.678869,
-0.217462,10.541776,20.466679,31.986018,40.654313,
-0.204386,10.563185,20.433521,31.996391,40.628683,
-0.191390,10.584312,20.401169,32.005431,40.601983,
-0.178492,10.605124,20.369653,32.013130,40.574220,
-0.165710,10.625592,20.339002,32.019478,40.545402,
-0.153061,10.645684,20.309243,32.024470,40.515537,
-0.140563,10.665371,20.280404,32.028100,40.484636,
-0.128233,10.684625,20.252507,32.030365,40.452709,
-0.116087,10.703417,20.225578,32.031264,40.419769,
-0.104142,10.721721,20.199637,32.030796,40.385830,
-0.092413,10.739510,20.174706,32.028963,40.350905,
-0.080917,10.756760,20.150802,32.025768,40.315011,
-0.069668,10.773446,20.127945,32.021216,40.278164,
-0.058680,10.789544,20.106150,32.015315,40.240382,
-0.047968,10.805034,20.085430,32.008072,40.201685,
-0.037546,10.819893,20.065800,31.999497,40.162092,
-0.027426,10.834102,20.047271,31.989602,40.121626,
-0.017622,10.847641,20.029852,31.978400,40.080307,
-0.008144,10.860493,20.013552,31.965907,40.038160,
0.000994,10.872640,19.998377,31.952138,39.995209,
0.009783,10.884068,19.984332,31.937112,39.951479,
0.018212,10.894762,19.971421,31.920849,39.906998,
0.026271,10.904708,19.959646,31.903369,39.861791,
0.033951,10.913895,19.949007,31.884697,39.815889,
0.041244,10.922311,19.939503,31.864855,39.769320,
0.048141,10.929946,19.931131,31.843871,39.722114,
0.054635,10.936792,19.923887,31.821770,39.674302,
0.060719,10.942842,19.917765,31.798584,39.625918,
0.066388,10.948089,19.912757,31.774340,39.576993,
0.071636,10.952529,19.908854,31.749072,39.527560,
0.076458,10.956157,19.906047,31.722811,39.477656,
0.080849,10.958971,19.904323,31.695593,39.427314,
0.084808,10.960969,19.903669,31.667452,39.376571,
0.088329,10.962152,19.904070,31.638426,39.325462,
0.091413,10.962520,19.905510,31.608552,39.274027,
0.094056,10.962076,19.907972,31.577869,39.222301,
0.096258,10.960822,19.911437,31.546418,39.170324,
0.098019,10.958763,19.915884,31.514239,39.118134,
0.099339,10.955905,19.921292,31.481375,39.065771,
0.100220,10.952254,19.927639,31.447869,39.013275,
0.100662,10.947818,19.934900,31.413765,38.960686,
0.100668,10.942605,19.943051,31.379107,38.908045,
0.100241,10.936626,19.952066,31.343942,38.855392,
0.099384,10.929892,19.961918,31.308315,38.802770,
0.098103,10.922414,19.972577,31.272275,38.750218,
0.096400,10.914205,19.984016,31.235867,38.697780,
0.094282,10.905279,19.996204,31.199141,38.645497,
0.091755,10.895651,20.009109,31.162146,38.593412,
0.088824,10.885336,20.022701,31.124930,38.541566,
0.085497,10.874351,20.036946,31.087543,38.490001,
0.081781,10.862714,20.051811,31.050035,38.438760,
0.077685,10.850442,20.067263,31.012456,38.387885,
0.073216,10.837554,20.083265,30.974855,38.337417,
0.068384,10.824071,20.099784,30.937285,38.287399,
0.063198,10.810011,20.116783,30.899795,38.237873,
0.057668,10.795398,20.134225,30.862436,38.188879,
0.051805,10.780251,20.152075,30.825257,38.140459,
0.045619,10.764594,20.170295,30.788310,38.092654,
0.039122,10.748450,20.188848,30.751645,38.045505,
0.032324,10.731841,20.207696,30.715311,37.999051,
0.025238,10.714791,20.226802,30.679358,37.953332,
0.017877,10.697326,20.246127,30.643836,37.908387,
0.010252,10.679469,20.265633,30.608792,37.864255,
0.002377,10.661245,20.285283,30.574276,37.820974,
-0.005735,10.642681,20.305038,30.540335,37.778581,
-0.014071,10.623801,20.324860,30.507016,37.737114,
-0.022617,10.604632,20.344713,30.474365,37.696607,
-0.031359,10.585200,20.364557,30.442429,37.657096,
-0.040283,10.565530,20.384357,30.411251,37.618617,
-0.049374,10.545650,20.404074,30.380876,37.581202,
-0.058619,10.525586,20.423673,30.351347,37.544885,
-0.068002,10.505365,20.443117,30.322707,37.509696,
-0.077509,10.485012,20.462370,30.294995,37.475668,
-0.087125,10.464555,20.481398,30.268252,37.442831,
-0.096835,10.444019,20.500166,30.242518,37.411212,
-0.106624,10.423432,20.518640,30.217829,37.380841,
-0.116478,10.402819,20.536787,30.194222,37.351745,
-0.126381,10.382206,20.554574,30.171732,37.323948,
-0.136318,10.361619,20.571969,30.150393,37.297476,
-0.146274,10.341084,20.588943,30.130237,37.272352,
-0.156234,10.320624,20.605464,30.111295,37.248599,
-0.166185,10.300266,20.621504,30.093597,37.226237,
-0.176110,10.280033,20.637035,30.077171,37.205287,
-0.185995,10.259950,20.652030,30.062044,37.185767,
-0.195826,10.240040,20.666462,30.048239,37.167694,
-0.205589,10.220326,20.680307,30.035781,37.151085,
-0.215269,10.200830,20.693541,30.024691,37.135953,
-0.224852,10.181575,20.706141,30.014989,37.122314,
-0.234325,10.162582,20.718086,30.006693,37.110177,
-0.243674,10.143872,20.729355,29.999820,37.099554,
-0.252886,10.125464,20.739930,29.994384,37.090455,
-0.261948,10.107379,20.749793,29.990399,37.082886,
-0.270846,10.089635,20.758927,29.987875,37.076855,
-0.279569,10.072250,20.767318,29.986823,37.072366,
-0.288105,10.055242,20.774951,29.987249,37.069422,
-0.296441,10.038627,20.781815,29.989159,37.068027,
-0.304566,10.022421,20.787898,29.992557,37.068179,
-0.312469,10.006639,20.793190,29.997445,37.069880,
-0.320140,9.991296,20.797684,30.003823,37.073125,
-0.327567,9.976405,20.801373,30.011690,37.077912,
-0.334740,9.961978,20.804252,30.021041,37.084236,
-0.341651,9.948028,20.806316,30.031871,37.092089,
-0.348290,9.934565,20.807564,30.044172,37.101464,
-0.354647,9.921598,20.807994,30.057936,37.112351,
-0.360715,9.909138,20.807607,30.073151,37.124740,
-0.366486,9.897193,20.806405,30.089804,37.138617,
-0.371951,9.885769,20.804391,30.107881,37.153970,
-0.377105,9.874874,20.801570,30.127364,37.170783,
-0.381940,9.864512,20.797949,30.148236,37.189040,
-0.386450,9.854688,20.793535,30.170476,37.208723,
-0.390629,9.845407,20.788337,30.194061,37.229812,
-0.394472,9.836670,20.782366,30.218969,37.252287,
-0.397975,9.828481,20.775633,30.245174,37.276127,
-0.401132,9.820839,20.768153,30.272649,37.301309,
-0.403940,9.813744,20.759939,30.301364,37.327807,
-0.406396,9.807197,20.751008,30.331290,37.355596,
-0.408497,9.801196,20.741377,30.362395,37.384651,
-0.410240,9.795737,20.731064,30.394644,37.414942,
-0.411623,9.790818,20.720089,30.428004,37.446441,
-0.412644,9.786434,20.708473,30.462436,37.479117,
-0.413303,9.782581,20.696239,30.497905,37.512940,
-0.413598,9.779252,20.683409,30.534370,37.547876,
-0.413531,9.776440,20.670007,30.571790,37.583893,
-0.413100,9.774139,20.656061,30.610124,37.620956,
-0.412306,9.772340,20.641595,30.649328,37.659031,
-0.411151,9.771034,20.626637,30.689358,37.698080,
-0.409637,9.770212,20.611217,30.730169,37.738067,
-0.407765,9.769863,20.595363,30.771715,37.778953,
-0.405537,9.769976,20.579105,30.813946,37.820702,
-0.402956,9.770539,20.562476,30.856816,37.863272,
-0.400026,9.771541,20.545505,30.900273,37.906624,
-0.396750,9.772967,20.528227,30.944270,37.950717,
-0.393133,9.774806,20.510675,30.988753,37.995509,
-0.389177,9.777042,20.492881,31.033671,38.040960,
-0.384889,9.779661,20.474882,31.078973,38.087026,
-0.380272,9.782649,20.456711,31.124604,38.133664,
-0.375333,9.785989,20.438404,31.170511,38.180831,
-0.370076,9.789666,20.419998,31.216640,38.228483,
-0.364509,9.793664,20.401528,31.262937,38.276577,
-0.358636,9.797965,20.383030,31.309347,38.325067,
-0.352465,9.802554,20.364543,31.355814,38.373909,
-0.346003,9.807412,20.346103,31.402284,38.423058,
-0.339256,9.812522,20.327746,31.448701,38.472469,
-0.332231,9.817867,20.309510,31.495010,38.522098,
-0.324937,9.823428,20.291433,31.541155,38.571898,
-0.317380,9.829187,20.273552,31.587081,38.621825,
-0.309569,9.835127,20.255903,31.632732,38.671834,
-0.301512,9.841228,20.238525,31.678054,38.721879,
-0.293216,9.847473,20.221452,31.722991,38.771916,
-0.284691,9.853843,20.204723,31.767490,38.821900,
-0.275945,9.860320,20.188374,31.811496,38.871787,
-0.266986,9.866885,20.172440,31.854956,38.921532,
-0.257823,9.873520,20.156956,31.897816,38.971091,
-0.248464,9.880208,20.141958,31.940025,39.020422,
-0.238920,9.886929,20.127480,31.981531,39.069480,
-0.229198,9.893666,20.113556,32.022282,39.118224,
-0.219307,9.900403,20.100219,32.062229,39.166611,
-0.209257,9.907120,20.087501,32.101321,39.214601,
-0.199056,9.913802,20.075435,32.139512,39.262151,
-0.188714,9.920432,20.064052,32.176753,39.309222,
-0.178240,9.926993,20.053380,32.212998,39.355774,
-0.167641,9.933469,20.043451,32.248201,39.401768,
-0.156928,9.939844,20.034291,32.282319,39.447167,
-0.146109,9.946104,20.025928,32.315309,39.491932,
-0.135192,9.952234,20.018389,32.347128,39.536029,
-0.124188,9.958219,20.011699,32.377737,39.579420,
-0.113103,9.964046,20.005882,32.407097,39.622072,
-0.101946,9.969701,20.000960,32.435169,39.663950,
-0.090727,9.975172,19.996955,32.461919,39.705023,
-0.079452,9.980447,19.993889,32.487310,39.745258,
-0.068130,9.985514,19.991780,32.511311,39.784625,
-0.056770,9.990363,19.990646,32.533890,39.823094,
-0.045378,9.994983,19.990504,32.555016,39.860638,
-0.033962,9.999366,19.991369,32.574662,39.897228,
-0.022530,10.003501,19.993255,32.592801,39.932839,
-0.011089,10.007381,19.996175,32.609408,39.967446,
0.000355,10.010999,20.000139,32.624460,40.001026,
0.011794,10.014348,20.005157,32.637937,40.033555,
0.023222,10.017422,20.011237,32.649818,40.065012,
0.034632,10.020216,20.018387,32.660086,40.095379,
0.046019,10.022725,20.026610,32.668725,40.124636,
0.057377,10.024946,20.035910,32.675722,40.152765,
0.068699,10.026876,20.046291,32.681064,40.179752,
0.079981,10.028512,20.057751,32.684742,40.205581,
0.091217,10.029855,20.070291,32.686747,40.230240,
0.102403,10.030902,20.083907,32.687073,40.253716,
0.113534,10.031655,20.098595,32.685716,40.275998,
0.124605,10.032114,20.114350,32.682674,40.297078,
0.135613,10.032282,20.131165,32.677946,40.316948,
0.146552,10.032161,20.149029,32.671534,40.335602,
0.157421,10.031755,20.167934,32.663441,40.353035,
0.168215,10.031067,20.187868,32.653673,40.369242,
0.178932,10.030103,20.208816,32.642238,40.384222,
0.189567,10.028869,20.230764,32.629144,40.397974,
0.200120,10.027372,20.253695,32.614403,40.410499,
0.210587,10.025618,20.277592,32.598028,40.421798,
0.220966,10.023615,20.302434,32.580034,40.431875,
0.231255,10.021373,20.328202,32.560438,40.440735,
0.241454,10.018902,20.354873,32.539259,40.448382,
0.251559,10.016210,20.382423,32.516517,40.454826,
0.261570,10.013309,20.410827,32.492235,40.460074,
0.271487,10.010211,20.440059,32.466436,40.464136,
0.281307,10.006928,20.470091,32.439147,40.467023,
0.291031,10.003472,20.500894,32.410396,40.468749,
0.300659,9.999857,20.532438,32.380211,40.469326,
0.310189,9.996096,20.564691,32.348623,40.468769,
0.319622,9.992205,20.597622,32.315664,40.467096,
0.328959,9.988199,20.631195,32.281370,40.464322,
0.338198,9.984092,20.665377,32.245775,40.460467,
0.347342,9.979901,20.700131,32.208916,40.455550,
0.356390,9.975643,20.735421,32.170831,40.449592,
0.365343,9.971333,20.771209,32.131561,40.442614,
0.374202,9.966990,20.807456,32.091146,40.434640,
0.382968,9.962632,20.844123,32.049630,40.425693,
0.391641,9.958275,20.881168,32.007054,40.415797,
0.400224,9.953938,20.918552,31.963465,40.404979,
0.408717,9.949640,20.956233,31.918908,40.393265,
0.417121,9.945399,20.994167,31.873430,40.380683,
0.425438,9.941234,21.032311,31.827079,40.367260,
0.433669,9.937165,21.070623,31.779903,40.353026,
0.441815,9.933210,21.109059,31.731953,40.338011,
0.449879,9.929389,21.147572,31.683279,40.322244,
0.457860,9.925722,21.186120,31.633932,40.305759,
0.465760,9.922226,21.224656,31.583964,40.288585,
0.473581,9.918923,21.263135,31.533429,40.270756,
0.481325,9.915830,21.301511,31.482378,40.252305,
0.488991,9.912968,21.339739,31.430866,40.233265,
0.496582,9.910355,21.377773,31.378947,40.213670,
0.504097,9.908011,21.415568,31.326675,40.193554,
0.511540,9.905954,21.453076,31.274105,40.172952,
0.518909,9.904202,21.490253,31.221292,40.151900,
0.526206,9.902774,21.527054,31.168292,40.130432,
0.533432,9.901689,21.563432,31.115158,40.108584,
0.540587,9.900962,21.599343,31.061948,40.086393,
0.547671,9.900612,21.634742,31.008715,40.063893,
0.554684,9.900656,21.669586,30.955515,40.041121,
0.561627,9.901110,21.703830,30.902404,40.018114,
0.568498,9.901989,21.737431,30.849435,39.994907,
0.575299,9.903310,21.770346,30.796663,39.971536,
0.582027,9.905088,21.802534,30.744142,39.948038,
0.588683,9.907336,21.833953,30.691926,39.924449,
0.595265,9.910068,21.864563,30.640068,39.900804,
0.601771,9.913298,21.894324,30.588620,39.877139,
0.608201,9.917039,21.923197,30.537635,39.853489,
0.614552,9.921301,21.951145,30.487163,39.829890,
0.620823,9.926096,21.978129,30.437255,39.806376,
0.627010,9.931435,22.004115,30.387961,39.782982,
0.633112,9.937327,22.029067,30.339329,39.759741,
0.639125,9.943781,22.052952,30.291408,39.736688,
0.645046,9.950805,22.075737,30.244244,39.713855,
0.650872,9.958406,22.097390,30.197883,39.691275,
0.656599,9.966591,22.117882,30.152369,39.668980,
0.662222,9.975365,22.137183,30.107747,39.647002,
0.667739,9.984733,22.155266,30.064059,39.625370,
0.673142,9.994699,22.172105,30.021346,39.604115,
0.678429,10.005265,22.187675,29.979647,39.583267,
0.683593,10.016434,22.201953,29.939002,39.562855,
0.688629,10.028206,22.214916,29.899447,39.542905,
0.693531,10.040582,22.226545,29.861019,39.523445,
0.698292,10.053561,22.236820,29.823751,39.504502,
0.702906,10.067140,22.245725,29.787676,39.486101,
0.707367,10.081318,22.253243,29.752826,39.468266,
0.711667,10.096089,22.259361,29.719229,39.451022,
0.715798,10.111450,22.264065,29.686915,39.434389,
0.719753,10.127395,22.267346,29.655909,39.418392,
0.723525,10.143917,22.269193,29.626236,39.403049,
0.727103,10.161007,22.269600,29.597920,39.388381,
0.730481,10.178659,22.268560,29.570981,39.374407,
0.733649,10.196861,22.266070,29.545439,39.361143,
0.736598,10.215603,22.262126,29.521312,39.348608,
0.739318,10.234875,22.256729,29.498615,39.336816,
0.741801,10.254662,22.249879,29.477364,39.325781,
0.744036,10.274951,22.241578,29.457571,39.315518,
0.746013,10.295729,22.231832,29.439245,39.306038,
0.747721,10.316980,22.220646,29.422397,39.297352,
0.749152,10.338688,22.208028,29.407033,39.289471,
0.750292,10.360835,22.193987,29.393158,39.282403,
0.751133,10.383404,22.178535,29.380776,39.276155,
0.751663,10.406375,22.161685,29.369887,39.270735,
0.751871,10.429730,22.143450,29.360492,39.266148,
0.751745,10.453447,22.123847,29.352589,39.262398,
0.751274,10.477506,22.102894,29.346173,39.259487,
0.750446,10.501884,22.080610,29.341239,39.257419,
0.749251,10.526559,22.057016,29.337779,39.256194,
0.747677,10.551507,22.032134,29.335784,39.255811,
0.745711,10.576705,22.005987,29.335243,39.256268,
0.743342,10.602127,21.978603,29.336143,39.257564,
0.740558,10.627748,21.950007,29.338469,39.259695,
0.737348,10.653543,21.920227,29.342205,39.262655,
0.733700,10.679484,21.889294,29.347334,39.266439,
0.729603,10.705545,21.857238,29.353835,39.271040,
0.725044,10.731698,21.824092,29.361687,39.276449,
0.720012,10.757916,21.789888,29.370869,39.282658,
0.714496,10.784169,21.754663,29.381354,39.289656,
0.708485,10.810431,21.718452,29.393119,39.297432,
0.701967,10.836670,21.681291,29.406135,39.305974,
0.694932,10.862859,21.643220,29.420373,39.315268,
0.687368,10.888967,21.604277,29.435804,39.325301,
0.679265,10.914965,21.564503,29.452396,39.336057,
0.670614,10.940823,21.523939,29.470117,39.347521,
0.661403,10.966511,21.482627,29.488931,39.359675,
0.651623,10.991998,21.440610,29.508805,39.372502,
0.641264,11.017255,21.397931,29.529702,39.385983,
0.630318,11.042251,21.354634,29.551584,39.400099,
0.618776,11.066957,21.310766,29.574412,39.414829,
0.606628,11.091341,21.266371,29.598147,39.430154,
0.593867,11.115375,21.221496,29.622748,39.446051,
0.580485,11.139029,21.176187,29.648175,39.462497,
0.566475,11.162272,21.130492,29.674384,39.479471,
0.551830,11.185077,21.084457,29.701333,39.496948,
0.536543,11.207413,21.038132,29.728977,39.514905,
0.520610,11.229253,20.991563,29.757272,39.533316,
0.504023,11.250567,20.944799,29.786173,39.552157,
0.486778,11.271330,20.897889,29.815635,39.571402,
0.468872,11.291512,20.850881,29.845611,39.591025,
0.450299,11.311088,20.803823,29.876054,39.610999,
0.431058,11.330030,20.756764,29.906917,39.631297,
0.411144,11.348315,20.709751,29.938153,39.651893,
0.390557,11.365916,20.662834,29.969715,39.672758,
0.369294,11.382810,20.616059,30.001554,39.693866,
0.347356,11.398972,20.569475,30.033623,39.715187,
0.324741,11.414381,20.523129,30.065874,39.736694,
0.301450,11.429014,20.477066,30.098258,39.758359,
0.277485,11.442850,20.431335,30.130728,39.780153,
0.252847,11.455869,20.385979,30.163236,39.802048,
0.227539,11.468051,20.341046,30.195734,39.824015,
0.201564,11.479379,20.296578,30.228174,39.846026,
0.174926,11.489834,20.252620,30.260510,39.868053,
0.147630,11.499400,20.209215,30.292694,39.890066,
0.119682,11.508062,20.166404,30.324680,39.912038,
0.091087,11.515806,20.124230,30.356423,39.933941,
0.061853,11.522618,20.082733,30.387876,39.955747,
0.031987,11.528486,20.041952,30.418996,39.977428,
0.001498,11.533399,20.001926,30.449736,39.998958,
-0.029605,11.537347,19.962692,30.480055,40.020307,
-0.061311,11.540322,19.924286,30.509909,40.041452,
-0.093611,11.542316,19.886744,30.539257,40.062363,
-0.126492,11.543323,19.850099,30.568056,40.083017,
-0.159942,11.543337,19.814384,30.596267,40.103387,
-0.193947,11.542357,19.779630,30.623851,40.123448,
-0.228495,11.540377,19.745868,30.650769,40.143176,
-0.263570,11.537399,19.713127,30.676983,40.162547,
-0.299157,11.533421,19.681433,30.702457,40.181537,
-0.335239,11.528445,19.650812,30.727157,40.200123,
-0.371800,11.522474,19.621290,30.751048,40.218284,
-0.408822,11.515511,19.592889,30.774098,40.235997,
-0.446286,11.507563,19.565630,30.796274,40.253242,
-0.484174,11.498635,19.539534,30.817547,40.269999,
-0.522465,11.488736,19.514620,30.837888,40.286247,
-0.561139,11.477875,19.490903,30.857268,40.301969,
-0.600174,11.466063,19.468400,30.875662,40.317146,
-0.639548,11.453310,19.447125,30.893044,40.331761,
-0.679240,11.439632,19.427088,30.909392,40.345798,
-0.719224,11.425041,19.408302,30.924682,40.359241,
-0.759479,11.409553,19.390774,30.938896,40.372075,
-0.799978,11.393187,19.374512,30.952012,40.384287,
-0.840697,11.375959,19.359522,30.964014,40.395863,
-0.881610,11.357889,19.345808,30.974886,40.406792,
-0.922691,11.338998,19.333372,30.984612,40.417063,
-0.963913,11.319308,19.322214,30.993181,40.426664,
-1.005248,11.298842,19.312334,31.000580,40.435587,
-1.046669,11.277623,19.303730,31.006800,40.443823,
-1.088147,11.255677,19.296396,31.011832,40.451365,
-1.129654,11.233031,19.290328,31.015669,40.458206,
-1.171160,11.209711,19.285518,31.018307,40.464342,
-1.212635,11.185746,19.281957,31.019741,40.469766,
-1.254051,11.161166,19.279634,31.019970,40.474475,
-1.295376,11.136001,19.278539,31.018993,40.478468,
-1.336580,11.110282,19.278656,31.016812,40.481742,
-1.377631,11.084041,19.279971,31.013428,40.484296,
-1.418500,11.057312,19.282468,31.008846,40.486130,
-1.459154,11.030127,19.286128,31.003071,40.487247,
-1.499561,11.002523,19.290933,30.996112,40.487647,
-1.539691,10.974533,19.296862,30.987976,40.487334,
-1.579511,10.946195,19.303891,30.978673,40.486312,
-1.618990,10.917545,19.312000,30.968216,40.484585,
-1.658095,10.888619,19.321161,30.956617,40.482161,
-1.696794,10.859457,19.331351,30.943892,40.479045,
-1.735055,10.830096,19.342541,30.930055,40.475245,
-1.772847,10.800575,19.354703,30.915124,40.470770,
-1.810137,10.770933,19.367809,30.899117,40.465629,
-1.846893,10.741209,19.381827,30.882055,40.459832,
-1.883085,10.711445,19.396727,30.863959,40.453391,
-1.918679,10.681679,19.412476,30.844850,40.446317,
-1.953646,10.651952,19.429041,30.824753,40.438623,
-1.987954,10.622304,19.446387,30.803692,40.430324,
-2.021572,10.592777,19.464480,30.781693,40.421432,
-2.054470,10.563410,19.483284,30.758783,40.411963,
-2.086618,10.534244,19.502763,30.734990,40.401933,
-2.117987,10.505320,19.522879,30.710344,40.391359,
-2.148546,10.476678,19.543596,30.684873,40.380257,
-2.178267,10.448358,19.564873,30.658609,40.368646,
-2.207121,10.420401,19.586674,30.631583,40.356543,
-2.235082,10.392845,19.608958,30.603829,40.343968,
-2.262122,10.365732,19.631687,30.575379,40.330941,
-2.288214,10.339098,19.654819,30.546267,40.317481,
-2.313331,10.312984,19.678316,30.516529,40.303609,
-2.337450,10.287427,19.702137,30.486200,40.289347,
-2.360545,10.262465,19.726241,30.455316,40.274716,
-2.382591,10.238134,19.750588,30.423912,40.259738,
-2.403567,10.214472,19.775137,30.392027,40.244436,
-2.423450,10.191513,19.799848,30.359697,40.228832,
-2.442217,10.169292,19.824680,30.326961,40.212950,
-2.459848,10.147844,19.849592,30.293857,40.196813,
-2.476324,10.127201,19.874545,30.260422,40.180445,
-2.491625,10.107396,19.899499,30.226697,40.163871,
-2.505734,10.088460,19.924415,30.192718,40.147113,
-2.518632,10.070424,19.949252,30.158527,40.130198,
-2.530305,10.053317,19.973972,30.124160,40.113149,
-2.540737,10.037168,19.998538,30.089658,40.095991,
-2.549913,10.022002,20.022910,30.055060,40.078749,
-2.557821,10.007847,20.047053,30.020404,40.061448,
-2.564448,9.994727,20.070929,29.985729,40.044113,
-2.569784,9.982666,20.094502,29.951075,40.026768,
-2.573819,9.971685,20.117739,29.916478,40.009439,
-2.576544,9.961807,20.140603,29.881977,39.992151,
-2.577952,9.953050,20.163062,29.847611,39.974928,
-2.578035,9.945432,20.185084,29.813415,39.957794,
-2.576790,9.938971,20.206636,29.779429,39.940775,
-2.574211,9.933682,20.227688,29.745686,39.923895,
-2.570295,9.929579,20.248210,29.712225,39.907176,
-2.565042,9.926674,20.268173,29.679079,39.890645,
-2.558450,9.924979,20.287551,29.646285,39.874323,
-2.550520,9.924502,20.306316,29.613875,39.858234,
-2.541254,9.925251,20.324444,29.581884,39.842401,
-2.530655,9.927234,20.341910,29.550344,39.826846,
-2.518728,9.930453,20.358692,29.519287,39.811592,
-2.505478,9.934914,20.374768,29.488744,39.796660,
-2.490912,9.940617,20.390118,29.458745,39.782072,
-2.475037,9.947561,20.404723,29.429321,39.767849,
-2.457864,9.955746,20.418564,29.400498,39.754010,
-2.439402,9.965168,20.431627,29.372306,39.740576,
-2.419664,9.975822,20.443897,29.344770,39.727565,
-2.398661,9.987701,20.455359,29.317916,39.714998,
-2.376410,10.000798,20.466002,29.291768,39.702891,
-2.352923,10.015101,20.475815,29.266351,39.691262,
-2.328219,10.030600,20.484789,29.241686,39.680129,
-2.302315,10.047282,20.492916,29.217795,39.669508,
-2.275229,10.065131,20.500191,29.194697,39.659414,
-2.246981,10.084132,20.506608,29.172412,39.649862,
-2.217594,10.104267,20.512164,29.150958,39.640867,
-2.187088,10.125515,20.516857,29.130352,39.632443,
-2.155487,10.147857,20.520687,29.110608,39.624601,
-2.122815,10.171269,20.523655,29.091742,39.617356,
-2.089099,10.195728,20.525764,29.073766,39.610717,
-2.054363,10.221208,20.527017,29.056692,39.604695,
-2.018636,10.247682,20.527421,29.040530,39.599302,
-1.981947,10.275122,20.526981,29.025291,39.594545,
-1.944324,10.303497,20.525707,29.010982,39.590433,
-1.905797,10.332777,20.523608,28.997610,39.586974,
-1.866399,10.362929,20.520695,28.985181,39.584175,
-1.826160,10.393920,20.516981,28.973698,39.582042,
-1.785114,10.425714,20.512479,28.963166,39.580580,
-1.743295,10.458276,20.507206,28.953587,39.579794,
-1.700737,10.491567,20.501176,28.944960,39.579687,
-1.657475,10.525550,20.494408,28.937285,39.580262,
-1.613545,10.560184,20.486921,28.930561,39.581522,
-1.568984,10.595429,20.478735,28.924785,39.583467,
-1.523829,10.631243,20.469872,28.919952,39.586098,
-1.478117,10.667584,20.460353,28.916058,39.589415,
-1.431887,10.704408,20.450203,28.913096,39.593417,
-1.385178,10.741671,20.439446,28.911057,39.598102,
-1.338030,10.779327,20.428108,28.909935,39.603468,
-1.290481,10.817332,20.416215,28.909718,39.609510,
-1.242572,10.855637,20.403795,28.910397,39.616226,
-1.194344,10.894197,20.390877,28.911958,39.623609,
-1.145838,10.932963,20.377490,28.914390,39.631655,
-1.097094,10.971887,20.363664,28.917678,39.640357,
-1.048153,11.010921,20.349430,28.921808,39.649708,
-0.999058,11.050014,20.334819,28.926763,39.659700,
-0.949851,11.089119,20.319865,28.932527,39.670326,
-0.900571,11.128185,20.304599,28.939083,39.681575,
-0.851263,11.167162,20.289056,28.946411,39.693438,
-0.801967,11.206000,20.273268,28.954493,39.705904,
-0.752724,11.244649,20.257272,28.963309,39.718963,
-0.703578,11.283059,20.241101,28.972837,39.732603,
-0.654569,11.321180,20.224791,28.983057,39.746812,
-0.605738,11.358962,20.208376,28.993946,39.761576,
-0.557128,11.396354,20.191894,29.005481,39.776883,
-0.508778,11.433308,20.175379,29.017639,39.792718,
-0.460730,11.469774,20.158867,29.030397,39.809068,
-0.413023,11.505702,20.142395,29.043729,39.825916,
-0.365698,11.541046,20.125999,29.057611,39.843249,
-0.318793,11.575755,20.109714,29.072017,39.861049,
-0.272349,11.609783,20.093577,29.086922,39.879301,
-0.226403,11.643083,20.077623,29.102299,39.897987,
-0.180993,11.675609,20.061888,29.118123,39.917092,
-0.136156,11.707315,20.046407,29.134366,39.936597,
-0.091930,11.738156,20.031214,29.151001,39.956484,
-0.048350,11.768088,20.016345,29.168002,39.976736,
-0.005451,11.797069,20.001834,29.185342,39.997334,
0.036732,11.825056,19.987713,29.202992,40.018259,
0.078165,11.852008,19.974016,29.220926,40.039493,
0.118816,11.877885,19.960776,29.239115,40.061016,
0.158653,11.902648,19.948024,29.257534,40.082809,
0.197644,11.926260,19.935792,29.276153,40.104852,
0.235759,11.948684,19.924109,29.294947,40.127126,
0.272970,11.969885,19.913005,29.313888,40.149611,
0.309248,11.989828,19.902509,29.332949,40.172287,
0.344565,12.008482,19.892649,29.352103,40.195134,
0.378896,12.025814,19.883452,29.371324,40.218131,
0.412215,12.041796,19.874943,29.390586,40.241260,
0.444500,12.056400,19.867147,29.409862,40.264499,
0.475726,12.069597,19.860088,29.429129,40.287828,
0.505873,12.081364,19.853789,29.448360,40.311228,
0.534920,12.091676,19.848271,29.467530,40.334678,
0.562847,12.100512,19.843554,29.486617,40.358159,
0.589638,12.107852,19.839659,29.505596,40.381650,
0.615274,12.113676,19.836602,29.524443,40.405133,
0.639742,12.117968,19.834400,29.543138,40.428587,
0.663025,12.120714,19.833068,29.561657,40.451992,
0.685113,12.121899,19.832622,29.579980,40.475330,
0.705992,12.121512,19.833072,29.598085,40.498582,
0.725653,12.119543,19.834431,29.615953,40.521729,
0.744087,12.115984,19.836707,29.633565,40.544752,
0.761287,12.110830,19.839911,29.650902,40.567633,
0.777245,12.104076,19.844048,29.667946,40.590353,
0.791958,12.095719,19.849123,29.684681,40.612896,
0.805422,12.085760,19.855142,29.701090,40.635243,
0.817634,12.074199,19.862107,29.717157,40.657378,
0.828594,12.061040,19.870018,29.732869,40.679284,
0.838302,12.046287,19.878875,29.748212,40.700944,
0.846761,12.029949,19.888677,29.763172,40.722341,
0.853973,12.012033,19.899420,29.777737,40.743462,
0.859944,11.992550,19.911098,29.791898,40.764289,
0.864679,11.971513,19.923706,29.805643,40.784809,
0.868185,11.948937,19.937235,29.818963,40.805007,
0.870472,11.924837,19.951676,29.831849,40.824868,
0.871549,11.899232,19.967019,29.844295,40.844379,
0.871427,11.872141,19.983250,29.856294,40.863527,
0.870118,11.843585,20.000355,29.867839,40.882299,
0.867638,11.813590,20.018321,29.878927,40.900683,
0.864000,11.782178,20.037129,29.889553,40.918667,
0.859221,11.749378,20.056761,29.899714,40.936239,
0.853319,11.715217,20.077199,29.909409,40.953390,
0.846312,11.679726,20.098421,29.918637,40.970107,
0.838219,11.642936,20.120404,29.927397,40.986382,
0.829062,11.604881,20.143126,29.935690,41.002205,
0.818864,11.565595,20.166561,29.943517,41.017566,
0.807646,11.525114,20.190683,29.950881,41.032459,
0.795434,11.483477,20.215466,29.957786,41.046874,
0.782252,11.440722,20.240879,29.964235,41.060803,
0.768127,11.396889,20.266895,29.970233,41.074241,
0.753086,11.352021,20.293481,29.975787,41.087181,
0.737157,11.306161,20.320606,29.980903,41.099616,
0.720369,11.259352,20.348237,29.985588,41.111540,
0.702752,11.211640,20.376340,29.989851,41.122950,
0.684336,11.163072,20.404881,29.993700,41.133840,
0.665154,11.113695,20.433823,29.997144,41.144206,
0.645237,11.063557,20.463130,30.000195,41.154044,
0.624619,11.012709,20.492765,30.002864,41.163352,
0.603332,10.961200,20.522689,30.005161,41.172126,
0.581412,10.909081,20.552863,30.007099,41.180365,
0.558893,10.856405,20.583248,30.008691,41.188066,
0.535810,10.803224,20.613804,30.009950,41.195227,
0.512199,10.749592,20.644490,30.010891,41.201849,
0.488097,10.695561,20.675265,30.011527,41.207929,
0.463540,10.641187,20.706087,30.011874,41.213469,
0.438565,10.586524,20.736914,30.011946,41.218467,
0.413210,10.531628,20.767704,30.011760,41.222926,
0.387513,10.476553,20.798415,30.011332,41.226845,
0.361511,10.421355,20.829003,30.010678,41.230226,
0.335243,10.366090,20.859426,30.009815,41.233070,
0.308747,10.310815,20.889640,30.008760,41.235380,
0.282061,10.255584,20.919603,30.007530,41.237158,
0.255224,10.200455,20.949271,30.006143,41.238407,
0.228274,10.145482,20.978601,30.004617,41.239128,
0.201249,10.090721,21.007551,30.002970,41.239326,
0.174188,10.036229,21.036079,30.001219,41.239004,
0.147130,9.982059,21.064141,29.999382,41.238166,
0.120111,9.928266,21.091695,29.997478,41.236815,
0.093170,9.874906,21.118701,29.995524,41.234956,
0.066344,9.822031,21.145116,29.993540,41.232593,
0.039671,9.769695,21.170900,29.991542,41.229731,
0.013187,9.717951,21.196014,29.989548,41.226374,
-0.013071,9.666850,21.220417,29.987577,41.222529,
-0.039067,9.616443,21.244070,29.985645,41.218199,
-0.064766,9.566781,21.266936,29.983771,41.213390,
-0.090133,9.517914,21.288976,29.981972,41.208107,
-0.115132,9.469888,21.310155,29.980264,41.202357,
-0.139732,9.422753,21.330437,29.978663,41.196144,
-0.163897,9.376555,21.349787,29.977187,41.189475,
-0.187596,9.331338,21.368171,29.975851,41.182355,
-0.210798,9.287147,21.385557,29.974671,41.174790,
-0.233470,9.244025,21.401913,29.973661,41.166787,
-0.255583,9.202013,21.417208,29.972837,41.158351,
-0.277107,9.161151,21.431413,29.972213,41.149489,
-0.298015,9.121479,21.444499,29.971802,41.140206,
-0.318277,9.083033,21.456441,29.971617,41.130509,
-0.337868,9.045851,21.467212,29.971671,41.120403,
-0.356762,9.009965,21.476788,29.971976,41.109895,
-0.374933,8.975410,21.485146,29.972544,41.098992,
-0.392359,8.942216,21.492265,29.973385,41.087698,
-0.409017,8.910413,21.498125,29.974510,41.076020,
-0.424884,8.880030,21.502706,29.975928,41.063964,
-0.439941,8.851091,21.505992,29.977647,41.051537,
-0.454168,8.823622,21.507967,29.979677,41.038742,
-0.467546,8.797646,21.508618,29.982024,41.025588,
-0.480059,8.773183,21.507931,29.984696,41.012079,
-0.491691,8.750253,21.505896,29.987697,40.998220,
-0.502426,8.728873,21.502503,29.991034,40.984018,
-0.512252,8.709059,21.497745,29.994710,40.969478,
-0.521155,8.690823,21.491616,29.998730,40.954605,
-0.529125,8.674178,21.484111,30.003097,40.939404,
-0.536152,8.659133,21.475227,30.007812,40.923881,
-0.542227,8.645696,21.464965,30.012877,40.908040,
-0.547343,8.633874,21.453323,30.018292,40.891887,
-0.551493,8.623669,21.440305,30.024058,40.875425,
-0.554674,8.615084,21.425914,30.030173,40.858660,
-0.556880,8.608120,21.410156,30.036634,40.841597,
-0.558110,8.602773,21.393039,30.043441,40.824239,
-0.558363,8.599041,21.374571,30.050588,40.806591,
-0.557640,8.596917,21.354764,30.058073,40.788656,
-0.555941,8.596394,21.333628,30.065889,40.770440,
-0.553269,8.597462,21.311179,30.074031,40.751945,
-0.549628,8.600110,21.287432,30.082493,40.733176,
-0.545024,8.604324,21.262404,30.091267,40.714136,
-0.539464,8.610090,21.236114,30.100345,40.694829,
-0.532954,8.617389,21.208582,30.109718,40.675258,
-0.525503,8.626204,21.179830,30.119376,40.655426,
-0.517123,8.636513,21.149881,30.129311,40.635337,
-0.507823,8.648293,21.118761,30.139510,40.614993,
-0.497618,8.661522,21.086496,30.149961,40.594398,
-0.486519,8.676171,21.053113,30.160654,40.573554,
-0.474543,8.692215,21.018641,30.171574,40.552464,
-0.461704,8.709623,20.983112,30.182708,40.531132,
-0.448020,8.728366,20.946557,30.194043,40.509559,
-0.433509,8.748409,20.909009,30.205563,40.487748,
-0.418190,8.769720,20.870503,30.217253,40.465703,
-0.402083,8.792262,20.831075,30.229098,40.443424,
-0.385208,8.816000,20.790760,30.241081,40.420915,
-0.367588,8.840894,20.749598,30.253186,40.398179,
-0.349246,8.866905,20.707626,30.265396,40.375217,
-0.330205,8.893991,20.664886,30.277692,40.352032,
-0.310491,8.922112,20.621417,30.290058,40.328626,
-0.290128,8.951223,20.577263,30.302474,40.305002,
-0.269142,8.981280,20.532465,30.314923,40.281163,
-0.247562,9.012237,20.487067,30.327385,40.257110,
-0.225414,9.044048,20.441114,30.339841,40.232846,
-0.202726,9.076665,20.394651,30.352272,40.208375,
-0.179529,9.110040,20.347723,30.364659,40.183697,
-0.155851,9.144123,20.300377,30.376982,40.158817,
-0.131723,9.178864,20.252659,30.389221,40.133736,
-0.107175,9.214213,20.204617,30.401355,40.108458,
-0.082239,9.250117,20.156299,30.413366,40.082986,
-0.056947,9.286526,20.107753,30.425234,40.057323,
-0.031329,9.323386,20.059026,30.436937,40.031471,
-0.005420,9.360645,20.010169,30.448458,40.005435,
0.020749,9.398248,19.961229,30.459775,39.979218,
0.047144,9.436143,19.912255,30.470869,39.952824,
0.073733,9.474275,19.863297,30.481720,39.926256,
0.100481,9.512590,19.814403,30.492311,39.899519,
0.127355,9.551034,19.765623,30.502620,39.872616,
0.154322,9.589552,19.717005,30.512630,39.845553,
0.181348,9.628090,19.668597,30.522322,39.818333,
0.208398,9.666594,19.620448,30.531678,39.790963,
0.235440,9.705010,19.572606,30.540680,39.763446,
0.262440,9.743284,19.525119,30.549311,39.735788,
0.289363,9.781362,19.478034,30.557554,39.707996,
0.316177,9.819191,19.431397,30.565392,39.680074,
0.342848,9.856718,19.385254,30.572810,39.652029,
0.369344,9.893890,19.339652,30.579792,39.623868,
0.395631,9.930657,19.294634,30.586322,39.595597,
0.421678,9.966966,19.250246,30.592388,39.567222,
0.447452,10.002767,19.206530,30.597975,39.538753,
0.472923,10.038010,19.163529,30.603069,39.510195,
0.498058,10.072647,19.121284,30.607660,39.481558,
0.522827,10.106628,19.079837,30.611735,39.452849,
0.547199,10.139908,19.039227,30.615282,39.424076,
0.571147,10.172438,18.999492,30.618293,39.395250,
0.594640,10.204175,18.960670,30.620757,39.366379,
0.617650,10.235074,18.922798,30.622667,39.337472,
0.640149,10.265092,18.885911,30.624013,39.308540,
0.662111,10.294186,18.850043,30.624789,39.279592,
0.683509,10.322317,18.815226,30.624990,39.250640,
0.704319,10.349445,18.781492,30.624609,39.221694,
0.724514,10.375532,18.748872,30.623642,39.192765,
0.744072,10.400541,18.717394,30.622086,39.163866,
0.762970,10.424436,18.687084,30.619938,39.135007,
0.781185,10.447185,18.657970,30.617197,39.106202,
0.798696,10.468755,18.630076,30.613861,39.077463,
0.815484,10.489115,18.603424,30.609932,39.048802,
0.831529,10.508235,18.578036,30.605409,39.020234,
0.846812,10.526089,18.553932,30.600296,38.991771,
0.861318,10.542650,18.531129,30.594595,38.963427,
0.875028,10.557894,18.509645,30.588310,38.935217,
0.887930,10.571799,18.489495,30.581446,38.907155,
0.900007,10.584343,18.470691,30.574009,38.879256,
0.911248,10.595508,18.453247,30.566006,38.851535,
0.921640,10.605275,18.437171,30.557444,38.824006,
0.931174,10.613630,18.422472,30.548333,38.796687,
0.939838,10.620559,18.409158,30.538682,38.769592,
0.947626,10.626049,18.397232,30.528501,38.742738,
0.954529,10.630091,18.386699,30.517803,38.716141,
0.960542,10.632676,18.377559,30.506599,38.689817,
0.965659,10.633798,18.369814,30.494903,38.663784,
0.969877,10.633452,18.363461,30.482729,38.638058,
0.973193,10.631635,18.358498,30.470093,38.612656,
0.975605,10.628346,18.354918,30.457009,38.587595,
0.977114,10.623587,18.352716,30.443496,38.562894,
0.977721,10.617359,18.351882,30.429570,38.538568,
0.977427,10.609668,18.352408,30.415251,38.514637,
0.976235,10.600520,18.354282,30.400556,38.491118,
0.974151,10.589922,18.357490,30.385506,38.468028,
0.971180,10.577886,18.362017,30.370122,38.445386,
0.967328,10.564422,18.367849,30.354424,38.423210,
0.962604,10.549545,18.374966,30.338435,38.401516,
0.957016,10.533269,18.383349,30.322178,38.380324,
0.950575,10.515612,18.392979,30.305676,38.359652,
0.943292,10.496592,18.403831,30.288951,38.339517,
0.935178,10.476229,18.415884,30.272030,38.319936,
0.926249,10.454546,18.429113,30.254936,38.300929,
0.916517,10.431566,18.443490,30.237695,38.282512,
0.905999,10.407314,18.458988,30.220333,38.264703,
0.894712,10.381817,18.475579,30.202875,38.247519,
0.882671,10.355103,18.493233,30.185349,38.230978,
0.869897,10.327202,18.511919,30.167781,38.215097,
0.856408,10.298144,18.531603,30.150198,38.199892,
0.842225,10.267963,18.552254,30.132628,38.185380,
0.827369,10.236692,18.573836,30.115099,38.171578,
0.811862,10.204366,18.596314,30.097638,38.158501,
0.795727,10.171022,18.619652,30.080273,38.146166,
0.778988,10.136697,18.643813,30.063032,38.134587,
0.761669,10.101429,18.668759,30.045943,38.123780,
0.743795,10.065259,18.694452,30.029034,38.113760,
0.725393,10.028227,18.720851,30.012334,38.104540,
0.706489,9.990375,18.747916,29.995870,38.096136,
0.687111,9.951746,18.775608,29.979670,38.088560,
0.667286,9.912384,18.803884,29.963762,38.081825,
0.647043,9.872332,18.832703,29.948174,38.075944,
0.626411,9.831637,18.862024,29.932932,38.070929,
0.605419,9.790343,18.891802,29.918063,38.066792,
0.584097,9.748498,18.921996,29.903594,38.063543,
0.562476,9.706149,18.952562,29.889552,38.061193,
0.540587,9.663343,18.983458,29.875962,38.059752,
0.518461,9.620129,19.014639,29.862850,38.059229,
0.496129,9.576555,19.046062,29.850240,38.059632,
0.473622,9.532670,19.077684,29.838156,38.060971,
0.450974,9.488524,19.109461,29.826623,38.063251,
0.428216,9.444165,19.141350,29.815664,38.066479,
0.405380,9.399643,19.173308,29.805301,38.070663,
0.382499,9.355008,19.205291,29.795555,38.075806,
0.359605,9.310309,19.237257,29.786449,38.081914,
0.336731,9.265597,19.269164,29.778002,38.088989,
0.313909,9.220920,19.300969,29.770233,38.097036,
